1|1|AMTRUST|CRESCENT DIGITAL|COVERMYMEDS|DAKOTA|DEALER TIRE|EQUITY TRUST|HYLAND|MAIN SEQUENCE|ONOSYS|MEDICAL MUTUAL - A|MEDICAL MUTUAL - B|2nd GEN|SHERWIN WILLIAMS|        |
1|2|AMTRUST|CRESCENT DIGITAL|COVERMYMEDS|DAKOTA|DEALER TIRE|EQUITY TRUST|HYLAND|MAIN SEQUENCE|ONOSYS|MEDICAL MUTUAL - A|MEDICAL MUTUAL - B|2nd GEN|SHERWIN WILLIAMS|        |
1|3|AMTRUST|CRESCENT DIGITAL|COVERMYMEDS|DAKOTA|DEALER TIRE|EQUITY TRUST|HYLAND|MAIN SEQUENCE|ONOSYS|MEDICAL MUTUAL - A|MEDICAL MUTUAL - B|2nd GEN|SHERWIN WILLIAMS|        |
1|4|AMTRUST|CRESCENT DIGITAL|COVERMYMEDS|DAKOTA|DEALER TIRE|EQUITY TRUST|HYLAND|MAIN SEQUENCE|ONOSYS|MEDICAL MUTUAL - A|MEDICAL MUTUAL - B|2nd GEN|SHERWIN WILLIAMS|        |
1|5|AMTRUST|CRESCENT DIGITAL|COVERMYMEDS|DAKOTA|DEALER TIRE|EQUITY TRUST|HYLAND|MAIN SEQUENCE|ONOSYS|MEDICAL MUTUAL - A|MEDICAL MUTUAL - B|2nd GEN|SHERWIN WILLIAMS|KEY BANK|
1|6|AMTRUST|CRESCENT DIGITAL|COVERMYMEDS|DAKOTA|DEALER TIRE|EQUITY TRUST|HYLAND|MAIN SEQUENCE|ONOSYS|MEDICAL MUTUAL - A|MEDICAL MUTUAL - B|2nd GEN|SHERWIN WILLIAMS|KEY BANK|
1|7|AMTRUST|CRESCENT DIGITAL|COVERMYMEDS|DAKOTA|DEALER TIRE|EQUITY TRUST|HYLAND|MAIN SEQUENCE|ONOSYS|MEDICAL MUTUAL - A|MEDICAL MUTUAL - B|2nd GEN|                |KEY BANK|
1|8|AMTRUST|CRESCENT DIGITAL|COVERMYMEDS|DAKOTA|DEALER TIRE|EQUITY TRUST|HYLAND|MAIN SEQUENCE|ONOSYS|MEDICAL MUTUAL - A|MEDICAL MUTUAL - B|2nd GEN|                |KEY BANK|
1|9|AMTRUST|CRESCENT DIGITAL|COVERMYMEDS|DAKOTA|DEALER TIRE|EQUITY TRUST|      |MAIN SEQUENCE|ONOSYS|                  |                  |2nd GEN|                |KEY BANK|
2|1|AMTRUST|AVANTIA|COVERMYMEDS|ROVISYS|CUSTOM ORTHOPEDICS|DEALER TIRE|HYLAND|MULTILINK|ONOSYS|PNC - A|UNIVERSITY HOSPITALS|PNC - B|2nd GEN|BOYD WATTERSON|
2|2|AMTRUST|AVANTIA|COVERMYMEDS|ROVISYS|CUSTOM ORTHOPEDICS|DEALER TIRE|HYLAND|MULTILINK|ONOSYS|PNC - A|UNIVERSITY HOSPITALS|PNC - B|2nd GEN|BOYD WATTERSON|
2|3|AMTRUST|AVANTIA|COVERMYMEDS|ROVISYS|CUSTOM ORTHOPEDICS|DEALER TIRE|HYLAND|MULTILINK|ONOSYS|PNC - A|UNIVERSITY HOSPITALS|PNC - B|2nd GEN|BOYD WATTERSON|
2|4|AMTRUST|AVANTIA|COVERMYMEDS|ROVISYS|CUSTOM ORTHOPEDICS|DEALER TIRE|HYLAND|MULTILINK|ONOSYS|PNC - A|UNIVERSITY HOSPITALS|PNC - B|2nd GEN|BOYD WATTERSON|
2|5|AMTRUST|AVANTIA|COVERMYMEDS|ROVISYS|CUSTOM ORTHOPEDICS|DEALER TIRE|HYLAND|MULTILINK|ONOSYS|PNC - A|UNIVERSITY HOSPITALS|PNC - B|2nd GEN|BOYD WATTERSON|
2|6|AMTRUST|AVANTIA|COVERMYMEDS|ROVISYS|CUSTOM ORTHOPEDICS|DEALER TIRE|HYLAND|MULTILINK|ONOSYS|PNC - A|UNIVERSITY HOSPITALS|PNC - B|2nd GEN|BOYD WATTERSON|
2|7|AMTRUST|AVANTIA|COVERMYMEDS|ROVISYS|CUSTOM ORTHOPEDICS|DEALER TIRE|HYLAND|MULTILINK|ONOSYS|PNC - A|UNIVERSITY HOSPITALS|PNC - B|2nd GEN|BOYD WATTERSON|
2|8|AMTRUST|AVANTIA|COVERMYMEDS|ROVISYS|CUSTOM ORTHOPEDICS|DEALER TIRE|HYLAND|MULTILINK|ONOSYS|PNC - A|UNIVERSITY HOSPITALS|PNC - B|2nd GEN|              |
2|9|AMTRUST|AVANTIA|COVERMYMEDS|ROVISYS|CUSTOM ORTHOPEDICS|DEALER TIRE|      |MULTILINK|ONOSYS|PNC - A|UNIVERSITY HOSPITALS|PNC - B|       |              |